{
    "loss": 2.608489990234375,
    "accuracy": 0.6551724076271057
}